DateKey;Date;Day;Month;MonthShort;MonthNo;Quarter;Year
20190101;1 01 2019;Tuesday;January;Jan;1;1;2019
20190102;2 01 2019;Wednesday;January;Jan;1;1;2019
20190103;3 01 2019;Thursday;January;Jan;1;1;2019
20190104;4 01 2019;Friday;January;Jan;1;1;2019
20190105;5 01 2019;Saturday;January;Jan;1;1;2019
20190106;6 01 2019;Sunday;January;Jan;1;1;2019
20190107;7 01 2019;Monday;January;Jan;1;1;2019
20190108;8 01 2019;Tuesday;January;Jan;1;1;2019
20190109;9 01 2019;Wednesday;January;Jan;1;1;2019
20190110;10 01 2019;Thursday;January;Jan;1;1;2019
20190111;11 01 2019;Friday;January;Jan;1;1;2019
20190112;12 01 2019;Saturday;January;Jan;1;1;2019
20190113;13 01 2019;Sunday;January;Jan;1;1;2019
20190114;14 01 2019;Monday;January;Jan;1;1;2019
20190115;15 01 2019;Tuesday;January;Jan;1;1;2019
20190116;16 01 2019;Wednesday;January;Jan;1;1;2019
20190117;17 01 2019;Thursday;January;Jan;1;1;2019
20190118;18 01 2019;Friday;January;Jan;1;1;2019
20190119;19 01 2019;Saturday;January;Jan;1;1;2019
20190120;20 01 2019;Sunday;January;Jan;1;1;2019
20190121;21 01 2019;Monday;January;Jan;1;1;2019
20190122;22 01 2019;Tuesday;January;Jan;1;1;2019
20190123;23 01 2019;Wednesday;January;Jan;1;1;2019
20190124;24 01 2019;Thursday;January;Jan;1;1;2019
20190125;25 01 2019;Friday;January;Jan;1;1;2019
20190126;26 01 2019;Saturday;January;Jan;1;1;2019
20190127;27 01 2019;Sunday;January;Jan;1;1;2019
20190128;28 01 2019;Monday;January;Jan;1;1;2019
20190129;29 01 2019;Tuesday;January;Jan;1;1;2019
20190130;30 01 2019;Wednesday;January;Jan;1;1;2019
20190131;31 01 2019;Thursday;January;Jan;1;1;2019
20190201;1 02 2019;Friday;February;Feb;2;1;2019
20190202;2 02 2019;Saturday;February;Feb;2;1;2019
20190203;3 02 2019;Sunday;February;Feb;2;1;2019
20190204;4 02 2019;Monday;February;Feb;2;1;2019
20190205;5 02 2019;Tuesday;February;Feb;2;1;2019
20190206;6 02 2019;Wednesday;February;Feb;2;1;2019
20190207;7 02 2019;Thursday;February;Feb;2;1;2019
20190208;8 02 2019;Friday;February;Feb;2;1;2019
20190209;9 02 2019;Saturday;February;Feb;2;1;2019
20190210;10 02 2019;Sunday;February;Feb;2;1;2019
20190211;11 02 2019;Monday;February;Feb;2;1;2019
20190212;12 02 2019;Tuesday;February;Feb;2;1;2019
20190213;13 02 2019;Wednesday;February;Feb;2;1;2019
20190214;14 02 2019;Thursday;February;Feb;2;1;2019
20190215;15 02 2019;Friday;February;Feb;2;1;2019
20190216;16 02 2019;Saturday;February;Feb;2;1;2019
20190217;17 02 2019;Sunday;February;Feb;2;1;2019
20190218;18 02 2019;Monday;February;Feb;2;1;2019
20190219;19 02 2019;Tuesday;February;Feb;2;1;2019
20190220;20 02 2019;Wednesday;February;Feb;2;1;2019
20190221;21 02 2019;Thursday;February;Feb;2;1;2019
20190222;22 02 2019;Friday;February;Feb;2;1;2019
20190223;23 02 2019;Saturday;February;Feb;2;1;2019
20190224;24 02 2019;Sunday;February;Feb;2;1;2019
20190225;25 02 2019;Monday;February;Feb;2;1;2019
20190226;26 02 2019;Tuesday;February;Feb;2;1;2019
20190227;27 02 2019;Wednesday;February;Feb;2;1;2019
20190228;28 02 2019;Thursday;February;Feb;2;1;2019
20190301;1 03 2019;Friday;March;Mar;3;1;2019
20190302;2 03 2019;Saturday;March;Mar;3;1;2019
20190303;3 03 2019;Sunday;March;Mar;3;1;2019
20190304;4 03 2019;Monday;March;Mar;3;1;2019
20190305;5 03 2019;Tuesday;March;Mar;3;1;2019
20190306;6 03 2019;Wednesday;March;Mar;3;1;2019
20190307;7 03 2019;Thursday;March;Mar;3;1;2019
20190308;8 03 2019;Friday;March;Mar;3;1;2019
20190309;9 03 2019;Saturday;March;Mar;3;1;2019
20190310;10 03 2019;Sunday;March;Mar;3;1;2019
20190311;11 03 2019;Monday;March;Mar;3;1;2019
20190312;12 03 2019;Tuesday;March;Mar;3;1;2019
20190313;13 03 2019;Wednesday;March;Mar;3;1;2019
20190314;14 03 2019;Thursday;March;Mar;3;1;2019
20190315;15 03 2019;Friday;March;Mar;3;1;2019
20190316;16 03 2019;Saturday;March;Mar;3;1;2019
20190317;17 03 2019;Sunday;March;Mar;3;1;2019
20190318;18 03 2019;Monday;March;Mar;3;1;2019
20190319;19 03 2019;Tuesday;March;Mar;3;1;2019
20190320;20 03 2019;Wednesday;March;Mar;3;1;2019
20190321;21 03 2019;Thursday;March;Mar;3;1;2019
20190322;22 03 2019;Friday;March;Mar;3;1;2019
20190323;23 03 2019;Saturday;March;Mar;3;1;2019
20190324;24 03 2019;Sunday;March;Mar;3;1;2019
20190325;25 03 2019;Monday;March;Mar;3;1;2019
20190326;26 03 2019;Tuesday;March;Mar;3;1;2019
20190327;27 03 2019;Wednesday;March;Mar;3;1;2019
20190328;28 03 2019;Thursday;March;Mar;3;1;2019
20190329;29 03 2019;Friday;March;Mar;3;1;2019
20190330;30 03 2019;Saturday;March;Mar;3;1;2019
20190331;31 03 2019;Sunday;March;Mar;3;1;2019
20190401;1 04 2019;Monday;April;Apr;4;2;2019
20190402;2 04 2019;Tuesday;April;Apr;4;2;2019
20190403;3 04 2019;Wednesday;April;Apr;4;2;2019
20190404;4 04 2019;Thursday;April;Apr;4;2;2019
20190405;5 04 2019;Friday;April;Apr;4;2;2019
20190406;6 04 2019;Saturday;April;Apr;4;2;2019
20190407;7 04 2019;Sunday;April;Apr;4;2;2019
20190408;8 04 2019;Monday;April;Apr;4;2;2019
20190409;9 04 2019;Tuesday;April;Apr;4;2;2019
20190410;10 04 2019;Wednesday;April;Apr;4;2;2019
20190411;11 04 2019;Thursday;April;Apr;4;2;2019
20190412;12 04 2019;Friday;April;Apr;4;2;2019
20190413;13 04 2019;Saturday;April;Apr;4;2;2019
20190414;14 04 2019;Sunday;April;Apr;4;2;2019
20190415;15 04 2019;Monday;April;Apr;4;2;2019
20190416;16 04 2019;Tuesday;April;Apr;4;2;2019
20190417;17 04 2019;Wednesday;April;Apr;4;2;2019
20190418;18 04 2019;Thursday;April;Apr;4;2;2019
20190419;19 04 2019;Friday;April;Apr;4;2;2019
20190420;20 04 2019;Saturday;April;Apr;4;2;2019
20190421;21 04 2019;Sunday;April;Apr;4;2;2019
20190422;22 04 2019;Monday;April;Apr;4;2;2019
20190423;23 04 2019;Tuesday;April;Apr;4;2;2019
20190424;24 04 2019;Wednesday;April;Apr;4;2;2019
20190425;25 04 2019;Thursday;April;Apr;4;2;2019
20190426;26 04 2019;Friday;April;Apr;4;2;2019
20190427;27 04 2019;Saturday;April;Apr;4;2;2019
20190428;28 04 2019;Sunday;April;Apr;4;2;2019
20190429;29 04 2019;Monday;April;Apr;4;2;2019
20190430;30 04 2019;Tuesday;April;Apr;4;2;2019
20190501;1 05 2019;Wednesday;May;May;5;2;2019
20190502;2 05 2019;Thursday;May;May;5;2;2019
20190503;3 05 2019;Friday;May;May;5;2;2019
20190504;4 05 2019;Saturday;May;May;5;2;2019
20190505;5 05 2019;Sunday;May;May;5;2;2019
20190506;6 05 2019;Monday;May;May;5;2;2019
20190507;7 05 2019;Tuesday;May;May;5;2;2019
20190508;8 05 2019;Wednesday;May;May;5;2;2019
20190509;9 05 2019;Thursday;May;May;5;2;2019
20190510;10 05 2019;Friday;May;May;5;2;2019
20190511;11 05 2019;Saturday;May;May;5;2;2019
20190512;12 05 2019;Sunday;May;May;5;2;2019
20190513;13 05 2019;Monday;May;May;5;2;2019
20190514;14 05 2019;Tuesday;May;May;5;2;2019
20190515;15 05 2019;Wednesday;May;May;5;2;2019
20190516;16 05 2019;Thursday;May;May;5;2;2019
20190517;17 05 2019;Friday;May;May;5;2;2019
20190518;18 05 2019;Saturday;May;May;5;2;2019
20190519;19 05 2019;Sunday;May;May;5;2;2019
20190520;20 05 2019;Monday;May;May;5;2;2019
20190521;21 05 2019;Tuesday;May;May;5;2;2019
20190522;22 05 2019;Wednesday;May;May;5;2;2019
20190523;23 05 2019;Thursday;May;May;5;2;2019
20190524;24 05 2019;Friday;May;May;5;2;2019
20190525;25 05 2019;Saturday;May;May;5;2;2019
20190526;26 05 2019;Sunday;May;May;5;2;2019
20190527;27 05 2019;Monday;May;May;5;2;2019
20190528;28 05 2019;Tuesday;May;May;5;2;2019
20190529;29 05 2019;Wednesday;May;May;5;2;2019
20190530;30 05 2019;Thursday;May;May;5;2;2019
20190531;31 05 2019;Friday;May;May;5;2;2019
20190601;1 06 2019;Saturday;June;Jun;6;2;2019
20190602;2 06 2019;Sunday;June;Jun;6;2;2019
20190603;3 06 2019;Monday;June;Jun;6;2;2019
20190604;4 06 2019;Tuesday;June;Jun;6;2;2019
20190605;5 06 2019;Wednesday;June;Jun;6;2;2019
20190606;6 06 2019;Thursday;June;Jun;6;2;2019
20190607;7 06 2019;Friday;June;Jun;6;2;2019
20190608;8 06 2019;Saturday;June;Jun;6;2;2019
20190609;9 06 2019;Sunday;June;Jun;6;2;2019
20190610;10 06 2019;Monday;June;Jun;6;2;2019
20190611;11 06 2019;Tuesday;June;Jun;6;2;2019
20190612;12 06 2019;Wednesday;June;Jun;6;2;2019
20190613;13 06 2019;Thursday;June;Jun;6;2;2019
20190614;14 06 2019;Friday;June;Jun;6;2;2019
20190615;15 06 2019;Saturday;June;Jun;6;2;2019
20190616;16 06 2019;Sunday;June;Jun;6;2;2019
20190617;17 06 2019;Monday;June;Jun;6;2;2019
20190618;18 06 2019;Tuesday;June;Jun;6;2;2019
20190619;19 06 2019;Wednesday;June;Jun;6;2;2019
20190620;20 06 2019;Thursday;June;Jun;6;2;2019
20190621;21 06 2019;Friday;June;Jun;6;2;2019
20190622;22 06 2019;Saturday;June;Jun;6;2;2019
20190623;23 06 2019;Sunday;June;Jun;6;2;2019
20190624;24 06 2019;Monday;June;Jun;6;2;2019
20190625;25 06 2019;Tuesday;June;Jun;6;2;2019
20190626;26 06 2019;Wednesday;June;Jun;6;2;2019
20190627;27 06 2019;Thursday;June;Jun;6;2;2019
20190628;28 06 2019;Friday;June;Jun;6;2;2019
20190629;29 06 2019;Saturday;June;Jun;6;2;2019
20190630;30 06 2019;Sunday;June;Jun;6;2;2019
20190701;1 07 2019;Monday;July;Jul;7;3;2019
20190702;2 07 2019;Tuesday;July;Jul;7;3;2019
20190703;3 07 2019;Wednesday;July;Jul;7;3;2019
20190704;4 07 2019;Thursday;July;Jul;7;3;2019
20190705;5 07 2019;Friday;July;Jul;7;3;2019
20190706;6 07 2019;Saturday;July;Jul;7;3;2019
20190707;7 07 2019;Sunday;July;Jul;7;3;2019
20190708;8 07 2019;Monday;July;Jul;7;3;2019
20190709;9 07 2019;Tuesday;July;Jul;7;3;2019
20190710;10 07 2019;Wednesday;July;Jul;7;3;2019
20190711;11 07 2019;Thursday;July;Jul;7;3;2019
20190712;12 07 2019;Friday;July;Jul;7;3;2019
20190713;13 07 2019;Saturday;July;Jul;7;3;2019
20190714;14 07 2019;Sunday;July;Jul;7;3;2019
20190715;15 07 2019;Monday;July;Jul;7;3;2019
20190716;16 07 2019;Tuesday;July;Jul;7;3;2019
20190717;17 07 2019;Wednesday;July;Jul;7;3;2019
20190718;18 07 2019;Thursday;July;Jul;7;3;2019
20190719;19 07 2019;Friday;July;Jul;7;3;2019
20190720;20 07 2019;Saturday;July;Jul;7;3;2019
20190721;21 07 2019;Sunday;July;Jul;7;3;2019
20190722;22 07 2019;Monday;July;Jul;7;3;2019
20190723;23 07 2019;Tuesday;July;Jul;7;3;2019
20190724;24 07 2019;Wednesday;July;Jul;7;3;2019
20190725;25 07 2019;Thursday;July;Jul;7;3;2019
20190726;26 07 2019;Friday;July;Jul;7;3;2019
20190727;27 07 2019;Saturday;July;Jul;7;3;2019
20190728;28 07 2019;Sunday;July;Jul;7;3;2019
20190729;29 07 2019;Monday;July;Jul;7;3;2019
20190730;30 07 2019;Tuesday;July;Jul;7;3;2019
20190731;31 07 2019;Wednesday;July;Jul;7;3;2019
20190801;1 08 2019;Thursday;August;Aug;8;3;2019
20190802;2 08 2019;Friday;August;Aug;8;3;2019
20190803;3 08 2019;Saturday;August;Aug;8;3;2019
20190804;4 08 2019;Sunday;August;Aug;8;3;2019
20190805;5 08 2019;Monday;August;Aug;8;3;2019
20190806;6 08 2019;Tuesday;August;Aug;8;3;2019
20190807;7 08 2019;Wednesday;August;Aug;8;3;2019
20190808;8 08 2019;Thursday;August;Aug;8;3;2019
20190809;9 08 2019;Friday;August;Aug;8;3;2019
20190810;10 08 2019;Saturday;August;Aug;8;3;2019
20190811;11 08 2019;Sunday;August;Aug;8;3;2019
20190812;12 08 2019;Monday;August;Aug;8;3;2019
20190813;13 08 2019;Tuesday;August;Aug;8;3;2019
20190814;14 08 2019;Wednesday;August;Aug;8;3;2019
20190815;15 08 2019;Thursday;August;Aug;8;3;2019
20190816;16 08 2019;Friday;August;Aug;8;3;2019
20190817;17 08 2019;Saturday;August;Aug;8;3;2019
20190818;18 08 2019;Sunday;August;Aug;8;3;2019
20190819;19 08 2019;Monday;August;Aug;8;3;2019
20190820;20 08 2019;Tuesday;August;Aug;8;3;2019
20190821;21 08 2019;Wednesday;August;Aug;8;3;2019
20190822;22 08 2019;Thursday;August;Aug;8;3;2019
20190823;23 08 2019;Friday;August;Aug;8;3;2019
20190824;24 08 2019;Saturday;August;Aug;8;3;2019
20190825;25 08 2019;Sunday;August;Aug;8;3;2019
20190826;26 08 2019;Monday;August;Aug;8;3;2019
20190827;27 08 2019;Tuesday;August;Aug;8;3;2019
20190828;28 08 2019;Wednesday;August;Aug;8;3;2019
20190829;29 08 2019;Thursday;August;Aug;8;3;2019
20190830;30 08 2019;Friday;August;Aug;8;3;2019
20190831;31 08 2019;Saturday;August;Aug;8;3;2019
20190901;1 09 2019;Sunday;September;Sep;9;3;2019
20190902;2 09 2019;Monday;September;Sep;9;3;2019
20190903;3 09 2019;Tuesday;September;Sep;9;3;2019
20190904;4 09 2019;Wednesday;September;Sep;9;3;2019
20190905;5 09 2019;Thursday;September;Sep;9;3;2019
20190906;6 09 2019;Friday;September;Sep;9;3;2019
20190907;7 09 2019;Saturday;September;Sep;9;3;2019
20190908;8 09 2019;Sunday;September;Sep;9;3;2019
20190909;9 09 2019;Monday;September;Sep;9;3;2019
20190910;10 09 2019;Tuesday;September;Sep;9;3;2019
20190911;11 09 2019;Wednesday;September;Sep;9;3;2019
20190912;12 09 2019;Thursday;September;Sep;9;3;2019
20190913;13 09 2019;Friday;September;Sep;9;3;2019
20190914;14 09 2019;Saturday;September;Sep;9;3;2019
20190915;15 09 2019;Sunday;September;Sep;9;3;2019
20190916;16 09 2019;Monday;September;Sep;9;3;2019
20190917;17 09 2019;Tuesday;September;Sep;9;3;2019
20190918;18 09 2019;Wednesday;September;Sep;9;3;2019
20190919;19 09 2019;Thursday;September;Sep;9;3;2019
20190920;20 09 2019;Friday;September;Sep;9;3;2019
20190921;21 09 2019;Saturday;September;Sep;9;3;2019
20190922;22 09 2019;Sunday;September;Sep;9;3;2019
20190923;23 09 2019;Monday;September;Sep;9;3;2019
20190924;24 09 2019;Tuesday;September;Sep;9;3;2019
20190925;25 09 2019;Wednesday;September;Sep;9;3;2019
20190926;26 09 2019;Thursday;September;Sep;9;3;2019
20190927;27 09 2019;Friday;September;Sep;9;3;2019
20190928;28 09 2019;Saturday;September;Sep;9;3;2019
20190929;29 09 2019;Sunday;September;Sep;9;3;2019
20190930;30 09 2019;Monday;September;Sep;9;3;2019
20191001;1 10 2019;Tuesday;October;Oct;10;4;2019
20191002;2 10 2019;Wednesday;October;Oct;10;4;2019
20191003;3 10 2019;Thursday;October;Oct;10;4;2019
20191004;4 10 2019;Friday;October;Oct;10;4;2019
20191005;5 10 2019;Saturday;October;Oct;10;4;2019
20191006;6 10 2019;Sunday;October;Oct;10;4;2019
20191007;7 10 2019;Monday;October;Oct;10;4;2019
20191008;8 10 2019;Tuesday;October;Oct;10;4;2019
20191009;9 10 2019;Wednesday;October;Oct;10;4;2019
20191010;10 10 2019;Thursday;October;Oct;10;4;2019
20191011;11 10 2019;Friday;October;Oct;10;4;2019
20191012;12 10 2019;Saturday;October;Oct;10;4;2019
20191013;13 10 2019;Sunday;October;Oct;10;4;2019
20191014;14 10 2019;Monday;October;Oct;10;4;2019
20191015;15 10 2019;Tuesday;October;Oct;10;4;2019
20191016;16 10 2019;Wednesday;October;Oct;10;4;2019
20191017;17 10 2019;Thursday;October;Oct;10;4;2019
20191018;18 10 2019;Friday;October;Oct;10;4;2019
20191019;19 10 2019;Saturday;October;Oct;10;4;2019
20191020;20 10 2019;Sunday;October;Oct;10;4;2019
20191021;21 10 2019;Monday;October;Oct;10;4;2019
20191022;22 10 2019;Tuesday;October;Oct;10;4;2019
20191023;23 10 2019;Wednesday;October;Oct;10;4;2019
20191024;24 10 2019;Thursday;October;Oct;10;4;2019
20191025;25 10 2019;Friday;October;Oct;10;4;2019
20191026;26 10 2019;Saturday;October;Oct;10;4;2019
20191027;27 10 2019;Sunday;October;Oct;10;4;2019
20191028;28 10 2019;Monday;October;Oct;10;4;2019
20191029;29 10 2019;Tuesday;October;Oct;10;4;2019
20191030;30 10 2019;Wednesday;October;Oct;10;4;2019
20191031;31 10 2019;Thursday;October;Oct;10;4;2019
20191101;1 11 2019;Friday;November;Nov;11;4;2019
20191102;2 11 2019;Saturday;November;Nov;11;4;2019
20191103;3 11 2019;Sunday;November;Nov;11;4;2019
20191104;4 11 2019;Monday;November;Nov;11;4;2019
20191105;5 11 2019;Tuesday;November;Nov;11;4;2019
20191106;6 11 2019;Wednesday;November;Nov;11;4;2019
20191107;7 11 2019;Thursday;November;Nov;11;4;2019
20191108;8 11 2019;Friday;November;Nov;11;4;2019
20191109;9 11 2019;Saturday;November;Nov;11;4;2019
20191110;10 11 2019;Sunday;November;Nov;11;4;2019
20191111;11 11 2019;Monday;November;Nov;11;4;2019
20191112;12 11 2019;Tuesday;November;Nov;11;4;2019
20191113;13 11 2019;Wednesday;November;Nov;11;4;2019
20191114;14 11 2019;Thursday;November;Nov;11;4;2019
20191115;15 11 2019;Friday;November;Nov;11;4;2019
20191116;16 11 2019;Saturday;November;Nov;11;4;2019
20191117;17 11 2019;Sunday;November;Nov;11;4;2019
20191118;18 11 2019;Monday;November;Nov;11;4;2019
20191119;19 11 2019;Tuesday;November;Nov;11;4;2019
20191120;20 11 2019;Wednesday;November;Nov;11;4;2019
20191121;21 11 2019;Thursday;November;Nov;11;4;2019
20191122;22 11 2019;Friday;November;Nov;11;4;2019
20191123;23 11 2019;Saturday;November;Nov;11;4;2019
20191124;24 11 2019;Sunday;November;Nov;11;4;2019
20191125;25 11 2019;Monday;November;Nov;11;4;2019
20191126;26 11 2019;Tuesday;November;Nov;11;4;2019
20191127;27 11 2019;Wednesday;November;Nov;11;4;2019
20191128;28 11 2019;Thursday;November;Nov;11;4;2019
20191129;29 11 2019;Friday;November;Nov;11;4;2019
20191130;30 11 2019;Saturday;November;Nov;11;4;2019
20191201;1 12 2019;Sunday;December;Dec;12;4;2019
20191202;2 12 2019;Monday;December;Dec;12;4;2019
20191203;3 12 2019;Tuesday;December;Dec;12;4;2019
20191204;4 12 2019;Wednesday;December;Dec;12;4;2019
20191205;5 12 2019;Thursday;December;Dec;12;4;2019
20191206;6 12 2019;Friday;December;Dec;12;4;2019
20191207;7 12 2019;Saturday;December;Dec;12;4;2019
20191208;8 12 2019;Sunday;December;Dec;12;4;2019
20191209;9 12 2019;Monday;December;Dec;12;4;2019
20191210;10 12 2019;Tuesday;December;Dec;12;4;2019
20191211;11 12 2019;Wednesday;December;Dec;12;4;2019
20191212;12 12 2019;Thursday;December;Dec;12;4;2019
20191213;13 12 2019;Friday;December;Dec;12;4;2019
20191214;14 12 2019;Saturday;December;Dec;12;4;2019
20191215;15 12 2019;Sunday;December;Dec;12;4;2019
20191216;16 12 2019;Monday;December;Dec;12;4;2019
20191217;17 12 2019;Tuesday;December;Dec;12;4;2019
20191218;18 12 2019;Wednesday;December;Dec;12;4;2019
20191219;19 12 2019;Thursday;December;Dec;12;4;2019
20191220;20 12 2019;Friday;December;Dec;12;4;2019
20191221;21 12 2019;Saturday;December;Dec;12;4;2019
20191222;22 12 2019;Sunday;December;Dec;12;4;2019
20191223;23 12 2019;Monday;December;Dec;12;4;2019
20191224;24 12 2019;Tuesday;December;Dec;12;4;2019
20191225;25 12 2019;Wednesday;December;Dec;12;4;2019
20191226;26 12 2019;Thursday;December;Dec;12;4;2019
20191227;27 12 2019;Friday;December;Dec;12;4;2019
20191228;28 12 2019;Saturday;December;Dec;12;4;2019
20191229;29 12 2019;Sunday;December;Dec;12;4;2019
20191230;30 12 2019;Monday;December;Dec;12;4;2019
20191231;31 12 2019;Tuesday;December;Dec;12;4;2019
20200101;1 01 2020;Wednesday;January;Jan;1;1;2020
20200102;2 01 2020;Thursday;January;Jan;1;1;2020
20200103;3 01 2020;Friday;January;Jan;1;1;2020
20200104;4 01 2020;Saturday;January;Jan;1;1;2020
20200105;5 01 2020;Sunday;January;Jan;1;1;2020
20200106;6 01 2020;Monday;January;Jan;1;1;2020
20200107;7 01 2020;Tuesday;January;Jan;1;1;2020
20200108;8 01 2020;Wednesday;January;Jan;1;1;2020
20200109;9 01 2020;Thursday;January;Jan;1;1;2020
20200110;10 01 2020;Friday;January;Jan;1;1;2020
20200111;11 01 2020;Saturday;January;Jan;1;1;2020
20200112;12 01 2020;Sunday;January;Jan;1;1;2020
20200113;13 01 2020;Monday;January;Jan;1;1;2020
20200114;14 01 2020;Tuesday;January;Jan;1;1;2020
20200115;15 01 2020;Wednesday;January;Jan;1;1;2020
20200116;16 01 2020;Thursday;January;Jan;1;1;2020
20200117;17 01 2020;Friday;January;Jan;1;1;2020
20200118;18 01 2020;Saturday;January;Jan;1;1;2020
20200119;19 01 2020;Sunday;January;Jan;1;1;2020
20200120;20 01 2020;Monday;January;Jan;1;1;2020
20200121;21 01 2020;Tuesday;January;Jan;1;1;2020
20200122;22 01 2020;Wednesday;January;Jan;1;1;2020
20200123;23 01 2020;Thursday;January;Jan;1;1;2020
20200124;24 01 2020;Friday;January;Jan;1;1;2020
20200125;25 01 2020;Saturday;January;Jan;1;1;2020
20200126;26 01 2020;Sunday;January;Jan;1;1;2020
20200127;27 01 2020;Monday;January;Jan;1;1;2020
20200128;28 01 2020;Tuesday;January;Jan;1;1;2020
20200129;29 01 2020;Wednesday;January;Jan;1;1;2020
20200130;30 01 2020;Thursday;January;Jan;1;1;2020
20200131;31 01 2020;Friday;January;Jan;1;1;2020
20200201;1 02 2020;Saturday;February;Feb;2;1;2020
20200202;2 02 2020;Sunday;February;Feb;2;1;2020
20200203;3 02 2020;Monday;February;Feb;2;1;2020
20200204;4 02 2020;Tuesday;February;Feb;2;1;2020
20200205;5 02 2020;Wednesday;February;Feb;2;1;2020
20200206;6 02 2020;Thursday;February;Feb;2;1;2020
20200207;7 02 2020;Friday;February;Feb;2;1;2020
20200208;8 02 2020;Saturday;February;Feb;2;1;2020
20200209;9 02 2020;Sunday;February;Feb;2;1;2020
20200210;10 02 2020;Monday;February;Feb;2;1;2020
20200211;11 02 2020;Tuesday;February;Feb;2;1;2020
20200212;12 02 2020;Wednesday;February;Feb;2;1;2020
20200213;13 02 2020;Thursday;February;Feb;2;1;2020
20200214;14 02 2020;Friday;February;Feb;2;1;2020
20200215;15 02 2020;Saturday;February;Feb;2;1;2020
20200216;16 02 2020;Sunday;February;Feb;2;1;2020
20200217;17 02 2020;Monday;February;Feb;2;1;2020
20200218;18 02 2020;Tuesday;February;Feb;2;1;2020
20200219;19 02 2020;Wednesday;February;Feb;2;1;2020
20200220;20 02 2020;Thursday;February;Feb;2;1;2020
20200221;21 02 2020;Friday;February;Feb;2;1;2020
20200222;22 02 2020;Saturday;February;Feb;2;1;2020
20200223;23 02 2020;Sunday;February;Feb;2;1;2020
20200224;24 02 2020;Monday;February;Feb;2;1;2020
20200225;25 02 2020;Tuesday;February;Feb;2;1;2020
20200226;26 02 2020;Wednesday;February;Feb;2;1;2020
20200227;27 02 2020;Thursday;February;Feb;2;1;2020
20200228;28 02 2020;Friday;February;Feb;2;1;2020
20200229;29 02 2020;Saturday;February;Feb;2;1;2020
20200301;1 03 2020;Sunday;March;Mar;3;1;2020
20200302;2 03 2020;Monday;March;Mar;3;1;2020
20200303;3 03 2020;Tuesday;March;Mar;3;1;2020
20200304;4 03 2020;Wednesday;March;Mar;3;1;2020
20200305;5 03 2020;Thursday;March;Mar;3;1;2020
20200306;6 03 2020;Friday;March;Mar;3;1;2020
20200307;7 03 2020;Saturday;March;Mar;3;1;2020
20200308;8 03 2020;Sunday;March;Mar;3;1;2020
20200309;9 03 2020;Monday;March;Mar;3;1;2020
20200310;10 03 2020;Tuesday;March;Mar;3;1;2020
20200311;11 03 2020;Wednesday;March;Mar;3;1;2020
20200312;12 03 2020;Thursday;March;Mar;3;1;2020
20200313;13 03 2020;Friday;March;Mar;3;1;2020
20200314;14 03 2020;Saturday;March;Mar;3;1;2020
20200315;15 03 2020;Sunday;March;Mar;3;1;2020
20200316;16 03 2020;Monday;March;Mar;3;1;2020
20200317;17 03 2020;Tuesday;March;Mar;3;1;2020
20200318;18 03 2020;Wednesday;March;Mar;3;1;2020
20200319;19 03 2020;Thursday;March;Mar;3;1;2020
20200320;20 03 2020;Friday;March;Mar;3;1;2020
20200321;21 03 2020;Saturday;March;Mar;3;1;2020
20200322;22 03 2020;Sunday;March;Mar;3;1;2020
20200323;23 03 2020;Monday;March;Mar;3;1;2020
20200324;24 03 2020;Tuesday;March;Mar;3;1;2020
20200325;25 03 2020;Wednesday;March;Mar;3;1;2020
20200326;26 03 2020;Thursday;March;Mar;3;1;2020
20200327;27 03 2020;Friday;March;Mar;3;1;2020
20200328;28 03 2020;Saturday;March;Mar;3;1;2020
20200329;29 03 2020;Sunday;March;Mar;3;1;2020
20200330;30 03 2020;Monday;March;Mar;3;1;2020
20200331;31 03 2020;Tuesday;March;Mar;3;1;2020
20200401;1 04 2020;Wednesday;April;Apr;4;2;2020
20200402;2 04 2020;Thursday;April;Apr;4;2;2020
20200403;3 04 2020;Friday;April;Apr;4;2;2020
20200404;4 04 2020;Saturday;April;Apr;4;2;2020
20200405;5 04 2020;Sunday;April;Apr;4;2;2020
20200406;6 04 2020;Monday;April;Apr;4;2;2020
20200407;7 04 2020;Tuesday;April;Apr;4;2;2020
20200408;8 04 2020;Wednesday;April;Apr;4;2;2020
20200409;9 04 2020;Thursday;April;Apr;4;2;2020
20200410;10 04 2020;Friday;April;Apr;4;2;2020
20200411;11 04 2020;Saturday;April;Apr;4;2;2020
20200412;12 04 2020;Sunday;April;Apr;4;2;2020
20200413;13 04 2020;Monday;April;Apr;4;2;2020
20200414;14 04 2020;Tuesday;April;Apr;4;2;2020
20200415;15 04 2020;Wednesday;April;Apr;4;2;2020
20200416;16 04 2020;Thursday;April;Apr;4;2;2020
20200417;17 04 2020;Friday;April;Apr;4;2;2020
20200418;18 04 2020;Saturday;April;Apr;4;2;2020
20200419;19 04 2020;Sunday;April;Apr;4;2;2020
20200420;20 04 2020;Monday;April;Apr;4;2;2020
20200421;21 04 2020;Tuesday;April;Apr;4;2;2020
20200422;22 04 2020;Wednesday;April;Apr;4;2;2020
20200423;23 04 2020;Thursday;April;Apr;4;2;2020
20200424;24 04 2020;Friday;April;Apr;4;2;2020
20200425;25 04 2020;Saturday;April;Apr;4;2;2020
20200426;26 04 2020;Sunday;April;Apr;4;2;2020
20200427;27 04 2020;Monday;April;Apr;4;2;2020
20200428;28 04 2020;Tuesday;April;Apr;4;2;2020
20200429;29 04 2020;Wednesday;April;Apr;4;2;2020
20200430;30 04 2020;Thursday;April;Apr;4;2;2020
20200501;1 05 2020;Friday;May;May;5;2;2020
20200502;2 05 2020;Saturday;May;May;5;2;2020
20200503;3 05 2020;Sunday;May;May;5;2;2020
20200504;4 05 2020;Monday;May;May;5;2;2020
20200505;5 05 2020;Tuesday;May;May;5;2;2020
20200506;6 05 2020;Wednesday;May;May;5;2;2020
20200507;7 05 2020;Thursday;May;May;5;2;2020
20200508;8 05 2020;Friday;May;May;5;2;2020
20200509;9 05 2020;Saturday;May;May;5;2;2020
20200510;10 05 2020;Sunday;May;May;5;2;2020
20200511;11 05 2020;Monday;May;May;5;2;2020
20200512;12 05 2020;Tuesday;May;May;5;2;2020
20200513;13 05 2020;Wednesday;May;May;5;2;2020
20200514;14 05 2020;Thursday;May;May;5;2;2020
20200515;15 05 2020;Friday;May;May;5;2;2020
20200516;16 05 2020;Saturday;May;May;5;2;2020
20200517;17 05 2020;Sunday;May;May;5;2;2020
20200518;18 05 2020;Monday;May;May;5;2;2020
20200519;19 05 2020;Tuesday;May;May;5;2;2020
20200520;20 05 2020;Wednesday;May;May;5;2;2020
20200521;21 05 2020;Thursday;May;May;5;2;2020
20200522;22 05 2020;Friday;May;May;5;2;2020
20200523;23 05 2020;Saturday;May;May;5;2;2020
20200524;24 05 2020;Sunday;May;May;5;2;2020
20200525;25 05 2020;Monday;May;May;5;2;2020
20200526;26 05 2020;Tuesday;May;May;5;2;2020
20200527;27 05 2020;Wednesday;May;May;5;2;2020
20200528;28 05 2020;Thursday;May;May;5;2;2020
20200529;29 05 2020;Friday;May;May;5;2;2020
20200530;30 05 2020;Saturday;May;May;5;2;2020
20200531;31 05 2020;Sunday;May;May;5;2;2020
20200601;1 06 2020;Monday;June;Jun;6;2;2020
20200602;2 06 2020;Tuesday;June;Jun;6;2;2020
20200603;3 06 2020;Wednesday;June;Jun;6;2;2020
20200604;4 06 2020;Thursday;June;Jun;6;2;2020
20200605;5 06 2020;Friday;June;Jun;6;2;2020
20200606;6 06 2020;Saturday;June;Jun;6;2;2020
20200607;7 06 2020;Sunday;June;Jun;6;2;2020
20200608;8 06 2020;Monday;June;Jun;6;2;2020
20200609;9 06 2020;Tuesday;June;Jun;6;2;2020
20200610;10 06 2020;Wednesday;June;Jun;6;2;2020
20200611;11 06 2020;Thursday;June;Jun;6;2;2020
20200612;12 06 2020;Friday;June;Jun;6;2;2020
20200613;13 06 2020;Saturday;June;Jun;6;2;2020
20200614;14 06 2020;Sunday;June;Jun;6;2;2020
20200615;15 06 2020;Monday;June;Jun;6;2;2020
20200616;16 06 2020;Tuesday;June;Jun;6;2;2020
20200617;17 06 2020;Wednesday;June;Jun;6;2;2020
20200618;18 06 2020;Thursday;June;Jun;6;2;2020
20200619;19 06 2020;Friday;June;Jun;6;2;2020
20200620;20 06 2020;Saturday;June;Jun;6;2;2020
20200621;21 06 2020;Sunday;June;Jun;6;2;2020
20200622;22 06 2020;Monday;June;Jun;6;2;2020
20200623;23 06 2020;Tuesday;June;Jun;6;2;2020
20200624;24 06 2020;Wednesday;June;Jun;6;2;2020
20200625;25 06 2020;Thursday;June;Jun;6;2;2020
20200626;26 06 2020;Friday;June;Jun;6;2;2020
20200627;27 06 2020;Saturday;June;Jun;6;2;2020
20200628;28 06 2020;Sunday;June;Jun;6;2;2020
20200629;29 06 2020;Monday;June;Jun;6;2;2020
20200630;30 06 2020;Tuesday;June;Jun;6;2;2020
20200701;1 07 2020;Wednesday;July;Jul;7;3;2020
20200702;2 07 2020;Thursday;July;Jul;7;3;2020
20200703;3 07 2020;Friday;July;Jul;7;3;2020
20200704;4 07 2020;Saturday;July;Jul;7;3;2020
20200705;5 07 2020;Sunday;July;Jul;7;3;2020
20200706;6 07 2020;Monday;July;Jul;7;3;2020
20200707;7 07 2020;Tuesday;July;Jul;7;3;2020
20200708;8 07 2020;Wednesday;July;Jul;7;3;2020
20200709;9 07 2020;Thursday;July;Jul;7;3;2020
20200710;10 07 2020;Friday;July;Jul;7;3;2020
20200711;11 07 2020;Saturday;July;Jul;7;3;2020
20200712;12 07 2020;Sunday;July;Jul;7;3;2020
20200713;13 07 2020;Monday;July;Jul;7;3;2020
20200714;14 07 2020;Tuesday;July;Jul;7;3;2020
20200715;15 07 2020;Wednesday;July;Jul;7;3;2020
20200716;16 07 2020;Thursday;July;Jul;7;3;2020
20200717;17 07 2020;Friday;July;Jul;7;3;2020
20200718;18 07 2020;Saturday;July;Jul;7;3;2020
20200719;19 07 2020;Sunday;July;Jul;7;3;2020
20200720;20 07 2020;Monday;July;Jul;7;3;2020
20200721;21 07 2020;Tuesday;July;Jul;7;3;2020
20200722;22 07 2020;Wednesday;July;Jul;7;3;2020
20200723;23 07 2020;Thursday;July;Jul;7;3;2020
20200724;24 07 2020;Friday;July;Jul;7;3;2020
20200725;25 07 2020;Saturday;July;Jul;7;3;2020
20200726;26 07 2020;Sunday;July;Jul;7;3;2020
20200727;27 07 2020;Monday;July;Jul;7;3;2020
20200728;28 07 2020;Tuesday;July;Jul;7;3;2020
20200729;29 07 2020;Wednesday;July;Jul;7;3;2020
20200730;30 07 2020;Thursday;July;Jul;7;3;2020
20200731;31 07 2020;Friday;July;Jul;7;3;2020
20200801;1 08 2020;Saturday;August;Aug;8;3;2020
20200802;2 08 2020;Sunday;August;Aug;8;3;2020
20200803;3 08 2020;Monday;August;Aug;8;3;2020
20200804;4 08 2020;Tuesday;August;Aug;8;3;2020
20200805;5 08 2020;Wednesday;August;Aug;8;3;2020
20200806;6 08 2020;Thursday;August;Aug;8;3;2020
20200807;7 08 2020;Friday;August;Aug;8;3;2020
20200808;8 08 2020;Saturday;August;Aug;8;3;2020
20200809;9 08 2020;Sunday;August;Aug;8;3;2020
20200810;10 08 2020;Monday;August;Aug;8;3;2020
20200811;11 08 2020;Tuesday;August;Aug;8;3;2020
20200812;12 08 2020;Wednesday;August;Aug;8;3;2020
20200813;13 08 2020;Thursday;August;Aug;8;3;2020
20200814;14 08 2020;Friday;August;Aug;8;3;2020
20200815;15 08 2020;Saturday;August;Aug;8;3;2020
20200816;16 08 2020;Sunday;August;Aug;8;3;2020
20200817;17 08 2020;Monday;August;Aug;8;3;2020
20200818;18 08 2020;Tuesday;August;Aug;8;3;2020
20200819;19 08 2020;Wednesday;August;Aug;8;3;2020
20200820;20 08 2020;Thursday;August;Aug;8;3;2020
20200821;21 08 2020;Friday;August;Aug;8;3;2020
20200822;22 08 2020;Saturday;August;Aug;8;3;2020
20200823;23 08 2020;Sunday;August;Aug;8;3;2020
20200824;24 08 2020;Monday;August;Aug;8;3;2020
20200825;25 08 2020;Tuesday;August;Aug;8;3;2020
20200826;26 08 2020;Wednesday;August;Aug;8;3;2020
20200827;27 08 2020;Thursday;August;Aug;8;3;2020
20200828;28 08 2020;Friday;August;Aug;8;3;2020
20200829;29 08 2020;Saturday;August;Aug;8;3;2020
20200830;30 08 2020;Sunday;August;Aug;8;3;2020
20200831;31 08 2020;Monday;August;Aug;8;3;2020
20200901;1 09 2020;Tuesday;September;Sep;9;3;2020
20200902;2 09 2020;Wednesday;September;Sep;9;3;2020
20200903;3 09 2020;Thursday;September;Sep;9;3;2020
20200904;4 09 2020;Friday;September;Sep;9;3;2020
20200905;5 09 2020;Saturday;September;Sep;9;3;2020
20200906;6 09 2020;Sunday;September;Sep;9;3;2020
20200907;7 09 2020;Monday;September;Sep;9;3;2020
20200908;8 09 2020;Tuesday;September;Sep;9;3;2020
20200909;9 09 2020;Wednesday;September;Sep;9;3;2020
20200910;10 09 2020;Thursday;September;Sep;9;3;2020
20200911;11 09 2020;Friday;September;Sep;9;3;2020
20200912;12 09 2020;Saturday;September;Sep;9;3;2020
20200913;13 09 2020;Sunday;September;Sep;9;3;2020
20200914;14 09 2020;Monday;September;Sep;9;3;2020
20200915;15 09 2020;Tuesday;September;Sep;9;3;2020
20200916;16 09 2020;Wednesday;September;Sep;9;3;2020
20200917;17 09 2020;Thursday;September;Sep;9;3;2020
20200918;18 09 2020;Friday;September;Sep;9;3;2020
20200919;19 09 2020;Saturday;September;Sep;9;3;2020
20200920;20 09 2020;Sunday;September;Sep;9;3;2020
20200921;21 09 2020;Monday;September;Sep;9;3;2020
20200922;22 09 2020;Tuesday;September;Sep;9;3;2020
20200923;23 09 2020;Wednesday;September;Sep;9;3;2020
20200924;24 09 2020;Thursday;September;Sep;9;3;2020
20200925;25 09 2020;Friday;September;Sep;9;3;2020
20200926;26 09 2020;Saturday;September;Sep;9;3;2020
20200927;27 09 2020;Sunday;September;Sep;9;3;2020
20200928;28 09 2020;Monday;September;Sep;9;3;2020
20200929;29 09 2020;Tuesday;September;Sep;9;3;2020
20200930;30 09 2020;Wednesday;September;Sep;9;3;2020
20201001;1 10 2020;Thursday;October;Oct;10;4;2020
20201002;2 10 2020;Friday;October;Oct;10;4;2020
20201003;3 10 2020;Saturday;October;Oct;10;4;2020
20201004;4 10 2020;Sunday;October;Oct;10;4;2020
20201005;5 10 2020;Monday;October;Oct;10;4;2020
20201006;6 10 2020;Tuesday;October;Oct;10;4;2020
20201007;7 10 2020;Wednesday;October;Oct;10;4;2020
20201008;8 10 2020;Thursday;October;Oct;10;4;2020
20201009;9 10 2020;Friday;October;Oct;10;4;2020
20201010;10 10 2020;Saturday;October;Oct;10;4;2020
20201011;11 10 2020;Sunday;October;Oct;10;4;2020
20201012;12 10 2020;Monday;October;Oct;10;4;2020
20201013;13 10 2020;Tuesday;October;Oct;10;4;2020
20201014;14 10 2020;Wednesday;October;Oct;10;4;2020
20201015;15 10 2020;Thursday;October;Oct;10;4;2020
20201016;16 10 2020;Friday;October;Oct;10;4;2020
20201017;17 10 2020;Saturday;October;Oct;10;4;2020
20201018;18 10 2020;Sunday;October;Oct;10;4;2020
20201019;19 10 2020;Monday;October;Oct;10;4;2020
20201020;20 10 2020;Tuesday;October;Oct;10;4;2020
20201021;21 10 2020;Wednesday;October;Oct;10;4;2020
20201022;22 10 2020;Thursday;October;Oct;10;4;2020
20201023;23 10 2020;Friday;October;Oct;10;4;2020
20201024;24 10 2020;Saturday;October;Oct;10;4;2020
20201025;25 10 2020;Sunday;October;Oct;10;4;2020
20201026;26 10 2020;Monday;October;Oct;10;4;2020
20201027;27 10 2020;Tuesday;October;Oct;10;4;2020
20201028;28 10 2020;Wednesday;October;Oct;10;4;2020
20201029;29 10 2020;Thursday;October;Oct;10;4;2020
20201030;30 10 2020;Friday;October;Oct;10;4;2020
20201031;31 10 2020;Saturday;October;Oct;10;4;2020
20201101;1 11 2020;Sunday;November;Nov;11;4;2020
20201102;2 11 2020;Monday;November;Nov;11;4;2020
20201103;3 11 2020;Tuesday;November;Nov;11;4;2020
20201104;4 11 2020;Wednesday;November;Nov;11;4;2020
20201105;5 11 2020;Thursday;November;Nov;11;4;2020
20201106;6 11 2020;Friday;November;Nov;11;4;2020
20201107;7 11 2020;Saturday;November;Nov;11;4;2020
20201108;8 11 2020;Sunday;November;Nov;11;4;2020
20201109;9 11 2020;Monday;November;Nov;11;4;2020
20201110;10 11 2020;Tuesday;November;Nov;11;4;2020
20201111;11 11 2020;Wednesday;November;Nov;11;4;2020
20201112;12 11 2020;Thursday;November;Nov;11;4;2020
20201113;13 11 2020;Friday;November;Nov;11;4;2020
20201114;14 11 2020;Saturday;November;Nov;11;4;2020
20201115;15 11 2020;Sunday;November;Nov;11;4;2020
20201116;16 11 2020;Monday;November;Nov;11;4;2020
20201117;17 11 2020;Tuesday;November;Nov;11;4;2020
20201118;18 11 2020;Wednesday;November;Nov;11;4;2020
20201119;19 11 2020;Thursday;November;Nov;11;4;2020
20201120;20 11 2020;Friday;November;Nov;11;4;2020
20201121;21 11 2020;Saturday;November;Nov;11;4;2020
20201122;22 11 2020;Sunday;November;Nov;11;4;2020
20201123;23 11 2020;Monday;November;Nov;11;4;2020
20201124;24 11 2020;Tuesday;November;Nov;11;4;2020
20201125;25 11 2020;Wednesday;November;Nov;11;4;2020
20201126;26 11 2020;Thursday;November;Nov;11;4;2020
20201127;27 11 2020;Friday;November;Nov;11;4;2020
20201128;28 11 2020;Saturday;November;Nov;11;4;2020
20201129;29 11 2020;Sunday;November;Nov;11;4;2020
20201130;30 11 2020;Monday;November;Nov;11;4;2020
20201201;1 12 2020;Tuesday;December;Dec;12;4;2020
20201202;2 12 2020;Wednesday;December;Dec;12;4;2020
20201203;3 12 2020;Thursday;December;Dec;12;4;2020
20201204;4 12 2020;Friday;December;Dec;12;4;2020
20201205;5 12 2020;Saturday;December;Dec;12;4;2020
20201206;6 12 2020;Sunday;December;Dec;12;4;2020
20201207;7 12 2020;Monday;December;Dec;12;4;2020
20201208;8 12 2020;Tuesday;December;Dec;12;4;2020
20201209;9 12 2020;Wednesday;December;Dec;12;4;2020
20201210;10 12 2020;Thursday;December;Dec;12;4;2020
20201211;11 12 2020;Friday;December;Dec;12;4;2020
20201212;12 12 2020;Saturday;December;Dec;12;4;2020
20201213;13 12 2020;Sunday;December;Dec;12;4;2020
20201214;14 12 2020;Monday;December;Dec;12;4;2020
20201215;15 12 2020;Tuesday;December;Dec;12;4;2020
20201216;16 12 2020;Wednesday;December;Dec;12;4;2020
20201217;17 12 2020;Thursday;December;Dec;12;4;2020
20201218;18 12 2020;Friday;December;Dec;12;4;2020
20201219;19 12 2020;Saturday;December;Dec;12;4;2020
20201220;20 12 2020;Sunday;December;Dec;12;4;2020
20201221;21 12 2020;Monday;December;Dec;12;4;2020
20201222;22 12 2020;Tuesday;December;Dec;12;4;2020
20201223;23 12 2020;Wednesday;December;Dec;12;4;2020
20201224;24 12 2020;Thursday;December;Dec;12;4;2020
20201225;25 12 2020;Friday;December;Dec;12;4;2020
20201226;26 12 2020;Saturday;December;Dec;12;4;2020
20201227;27 12 2020;Sunday;December;Dec;12;4;2020
20201228;28 12 2020;Monday;December;Dec;12;4;2020
20201229;29 12 2020;Tuesday;December;Dec;12;4;2020
20201230;30 12 2020;Wednesday;December;Dec;12;4;2020
20201231;31 12 2020;Thursday;December;Dec;12;4;2020
20210101;1 01 2021;Friday;January;Jan;1;1;2021
20210102;2 01 2021;Saturday;January;Jan;1;1;2021
20210103;3 01 2021;Sunday;January;Jan;1;1;2021
20210104;4 01 2021;Monday;January;Jan;1;1;2021
20210105;5 01 2021;Tuesday;January;Jan;1;1;2021
20210106;6 01 2021;Wednesday;January;Jan;1;1;2021
20210107;7 01 2021;Thursday;January;Jan;1;1;2021
20210108;8 01 2021;Friday;January;Jan;1;1;2021
20210109;9 01 2021;Saturday;January;Jan;1;1;2021
20210110;10 01 2021;Sunday;January;Jan;1;1;2021
20210111;11 01 2021;Monday;January;Jan;1;1;2021
20210112;12 01 2021;Tuesday;January;Jan;1;1;2021
20210113;13 01 2021;Wednesday;January;Jan;1;1;2021
20210114;14 01 2021;Thursday;January;Jan;1;1;2021
20210115;15 01 2021;Friday;January;Jan;1;1;2021
20210116;16 01 2021;Saturday;January;Jan;1;1;2021
20210117;17 01 2021;Sunday;January;Jan;1;1;2021
20210118;18 01 2021;Monday;January;Jan;1;1;2021
20210119;19 01 2021;Tuesday;January;Jan;1;1;2021
20210120;20 01 2021;Wednesday;January;Jan;1;1;2021
20210121;21 01 2021;Thursday;January;Jan;1;1;2021
20210122;22 01 2021;Friday;January;Jan;1;1;2021
20210123;23 01 2021;Saturday;January;Jan;1;1;2021
20210124;24 01 2021;Sunday;January;Jan;1;1;2021
20210125;25 01 2021;Monday;January;Jan;1;1;2021
20210126;26 01 2021;Tuesday;January;Jan;1;1;2021
20210127;27 01 2021;Wednesday;January;Jan;1;1;2021
20210128;28 01 2021;Thursday;January;Jan;1;1;2021
20210129;29 01 2021;Friday;January;Jan;1;1;2021
20210130;30 01 2021;Saturday;January;Jan;1;1;2021
20210131;31 01 2021;Sunday;January;Jan;1;1;2021
20210201;1 02 2021;Monday;February;Feb;2;1;2021
20210202;2 02 2021;Tuesday;February;Feb;2;1;2021
20210203;3 02 2021;Wednesday;February;Feb;2;1;2021
20210204;4 02 2021;Thursday;February;Feb;2;1;2021
20210205;5 02 2021;Friday;February;Feb;2;1;2021
20210206;6 02 2021;Saturday;February;Feb;2;1;2021
20210207;7 02 2021;Sunday;February;Feb;2;1;2021
20210208;8 02 2021;Monday;February;Feb;2;1;2021
20210209;9 02 2021;Tuesday;February;Feb;2;1;2021
20210210;10 02 2021;Wednesday;February;Feb;2;1;2021
20210211;11 02 2021;Thursday;February;Feb;2;1;2021
20210212;12 02 2021;Friday;February;Feb;2;1;2021
20210213;13 02 2021;Saturday;February;Feb;2;1;2021
20210214;14 02 2021;Sunday;February;Feb;2;1;2021
20210215;15 02 2021;Monday;February;Feb;2;1;2021
20210216;16 02 2021;Tuesday;February;Feb;2;1;2021
20210217;17 02 2021;Wednesday;February;Feb;2;1;2021
20210218;18 02 2021;Thursday;February;Feb;2;1;2021
20210219;19 02 2021;Friday;February;Feb;2;1;2021
20210220;20 02 2021;Saturday;February;Feb;2;1;2021
20210221;21 02 2021;Sunday;February;Feb;2;1;2021
20210222;22 02 2021;Monday;February;Feb;2;1;2021
20210223;23 02 2021;Tuesday;February;Feb;2;1;2021
20210224;24 02 2021;Wednesday;February;Feb;2;1;2021
20210225;25 02 2021;Thursday;February;Feb;2;1;2021
20210226;26 02 2021;Friday;February;Feb;2;1;2021
20210227;27 02 2021;Saturday;February;Feb;2;1;2021
20210228;28 02 2021;Sunday;February;Feb;2;1;2021
20210301;1 03 2021;Monday;March;Mar;3;1;2021
20210302;2 03 2021;Tuesday;March;Mar;3;1;2021
20210303;3 03 2021;Wednesday;March;Mar;3;1;2021
20210304;4 03 2021;Thursday;March;Mar;3;1;2021
20210305;5 03 2021;Friday;March;Mar;3;1;2021
20210306;6 03 2021;Saturday;March;Mar;3;1;2021
20210307;7 03 2021;Sunday;March;Mar;3;1;2021
20210308;8 03 2021;Monday;March;Mar;3;1;2021
20210309;9 03 2021;Tuesday;March;Mar;3;1;2021
20210310;10 03 2021;Wednesday;March;Mar;3;1;2021
20210311;11 03 2021;Thursday;March;Mar;3;1;2021
20210312;12 03 2021;Friday;March;Mar;3;1;2021
20210313;13 03 2021;Saturday;March;Mar;3;1;2021
20210314;14 03 2021;Sunday;March;Mar;3;1;2021
20210315;15 03 2021;Monday;March;Mar;3;1;2021
20210316;16 03 2021;Tuesday;March;Mar;3;1;2021
20210317;17 03 2021;Wednesday;March;Mar;3;1;2021
20210318;18 03 2021;Thursday;March;Mar;3;1;2021
20210319;19 03 2021;Friday;March;Mar;3;1;2021
20210320;20 03 2021;Saturday;March;Mar;3;1;2021
20210321;21 03 2021;Sunday;March;Mar;3;1;2021
20210322;22 03 2021;Monday;March;Mar;3;1;2021
20210323;23 03 2021;Tuesday;March;Mar;3;1;2021
20210324;24 03 2021;Wednesday;March;Mar;3;1;2021
20210325;25 03 2021;Thursday;March;Mar;3;1;2021
20210326;26 03 2021;Friday;March;Mar;3;1;2021
20210327;27 03 2021;Saturday;March;Mar;3;1;2021
20210328;28 03 2021;Sunday;March;Mar;3;1;2021
20210329;29 03 2021;Monday;March;Mar;3;1;2021
20210330;30 03 2021;Tuesday;March;Mar;3;1;2021
20210331;31 03 2021;Wednesday;March;Mar;3;1;2021
20210401;1 04 2021;Thursday;April;Apr;4;2;2021
20210402;2 04 2021;Friday;April;Apr;4;2;2021
20210403;3 04 2021;Saturday;April;Apr;4;2;2021
20210404;4 04 2021;Sunday;April;Apr;4;2;2021
20210405;5 04 2021;Monday;April;Apr;4;2;2021
20210406;6 04 2021;Tuesday;April;Apr;4;2;2021
20210407;7 04 2021;Wednesday;April;Apr;4;2;2021
20210408;8 04 2021;Thursday;April;Apr;4;2;2021
20210409;9 04 2021;Friday;April;Apr;4;2;2021
20210410;10 04 2021;Saturday;April;Apr;4;2;2021
20210411;11 04 2021;Sunday;April;Apr;4;2;2021
20210412;12 04 2021;Monday;April;Apr;4;2;2021
20210413;13 04 2021;Tuesday;April;Apr;4;2;2021
20210414;14 04 2021;Wednesday;April;Apr;4;2;2021
20210415;15 04 2021;Thursday;April;Apr;4;2;2021
20210416;16 04 2021;Friday;April;Apr;4;2;2021
20210417;17 04 2021;Saturday;April;Apr;4;2;2021
20210418;18 04 2021;Sunday;April;Apr;4;2;2021
20210419;19 04 2021;Monday;April;Apr;4;2;2021
20210420;20 04 2021;Tuesday;April;Apr;4;2;2021
20210421;21 04 2021;Wednesday;April;Apr;4;2;2021
20210422;22 04 2021;Thursday;April;Apr;4;2;2021
20210423;23 04 2021;Friday;April;Apr;4;2;2021
20210424;24 04 2021;Saturday;April;Apr;4;2;2021
20210425;25 04 2021;Sunday;April;Apr;4;2;2021
20210426;26 04 2021;Monday;April;Apr;4;2;2021
20210427;27 04 2021;Tuesday;April;Apr;4;2;2021
20210428;28 04 2021;Wednesday;April;Apr;4;2;2021
20210429;29 04 2021;Thursday;April;Apr;4;2;2021
20210430;30 04 2021;Friday;April;Apr;4;2;2021
20210501;1 05 2021;Saturday;May;May;5;2;2021
20210502;2 05 2021;Sunday;May;May;5;2;2021
20210503;3 05 2021;Monday;May;May;5;2;2021
20210504;4 05 2021;Tuesday;May;May;5;2;2021
20210505;5 05 2021;Wednesday;May;May;5;2;2021
20210506;6 05 2021;Thursday;May;May;5;2;2021
20210507;7 05 2021;Friday;May;May;5;2;2021
20210508;8 05 2021;Saturday;May;May;5;2;2021
20210509;9 05 2021;Sunday;May;May;5;2;2021
20210510;10 05 2021;Monday;May;May;5;2;2021
20210511;11 05 2021;Tuesday;May;May;5;2;2021
20210512;12 05 2021;Wednesday;May;May;5;2;2021
20210513;13 05 2021;Thursday;May;May;5;2;2021
20210514;14 05 2021;Friday;May;May;5;2;2021
20210515;15 05 2021;Saturday;May;May;5;2;2021
20210516;16 05 2021;Sunday;May;May;5;2;2021
20210517;17 05 2021;Monday;May;May;5;2;2021
20210518;18 05 2021;Tuesday;May;May;5;2;2021
20210519;19 05 2021;Wednesday;May;May;5;2;2021
20210520;20 05 2021;Thursday;May;May;5;2;2021
20210521;21 05 2021;Friday;May;May;5;2;2021
20210522;22 05 2021;Saturday;May;May;5;2;2021
20210523;23 05 2021;Sunday;May;May;5;2;2021
20210524;24 05 2021;Monday;May;May;5;2;2021
20210525;25 05 2021;Tuesday;May;May;5;2;2021
20210526;26 05 2021;Wednesday;May;May;5;2;2021
20210527;27 05 2021;Thursday;May;May;5;2;2021
20210528;28 05 2021;Friday;May;May;5;2;2021
20210529;29 05 2021;Saturday;May;May;5;2;2021
20210530;30 05 2021;Sunday;May;May;5;2;2021
20210531;31 05 2021;Monday;May;May;5;2;2021
20210601;1 06 2021;Tuesday;June;Jun;6;2;2021
20210602;2 06 2021;Wednesday;June;Jun;6;2;2021
20210603;3 06 2021;Thursday;June;Jun;6;2;2021
20210604;4 06 2021;Friday;June;Jun;6;2;2021
20210605;5 06 2021;Saturday;June;Jun;6;2;2021
20210606;6 06 2021;Sunday;June;Jun;6;2;2021
20210607;7 06 2021;Monday;June;Jun;6;2;2021
20210608;8 06 2021;Tuesday;June;Jun;6;2;2021
20210609;9 06 2021;Wednesday;June;Jun;6;2;2021
20210610;10 06 2021;Thursday;June;Jun;6;2;2021
20210611;11 06 2021;Friday;June;Jun;6;2;2021
20210612;12 06 2021;Saturday;June;Jun;6;2;2021
20210613;13 06 2021;Sunday;June;Jun;6;2;2021
20210614;14 06 2021;Monday;June;Jun;6;2;2021
20210615;15 06 2021;Tuesday;June;Jun;6;2;2021
20210616;16 06 2021;Wednesday;June;Jun;6;2;2021
20210617;17 06 2021;Thursday;June;Jun;6;2;2021
20210618;18 06 2021;Friday;June;Jun;6;2;2021
20210619;19 06 2021;Saturday;June;Jun;6;2;2021
20210620;20 06 2021;Sunday;June;Jun;6;2;2021
20210621;21 06 2021;Monday;June;Jun;6;2;2021
20210622;22 06 2021;Tuesday;June;Jun;6;2;2021
20210623;23 06 2021;Wednesday;June;Jun;6;2;2021
20210624;24 06 2021;Thursday;June;Jun;6;2;2021
20210625;25 06 2021;Friday;June;Jun;6;2;2021
20210626;26 06 2021;Saturday;June;Jun;6;2;2021
20210627;27 06 2021;Sunday;June;Jun;6;2;2021
20210628;28 06 2021;Monday;June;Jun;6;2;2021
20210629;29 06 2021;Tuesday;June;Jun;6;2;2021
20210630;30 06 2021;Wednesday;June;Jun;6;2;2021
20210701;1 07 2021;Thursday;July;Jul;7;3;2021
20210702;2 07 2021;Friday;July;Jul;7;3;2021
20210703;3 07 2021;Saturday;July;Jul;7;3;2021
20210704;4 07 2021;Sunday;July;Jul;7;3;2021
20210705;5 07 2021;Monday;July;Jul;7;3;2021
20210706;6 07 2021;Tuesday;July;Jul;7;3;2021
20210707;7 07 2021;Wednesday;July;Jul;7;3;2021
20210708;8 07 2021;Thursday;July;Jul;7;3;2021
20210709;9 07 2021;Friday;July;Jul;7;3;2021
20210710;10 07 2021;Saturday;July;Jul;7;3;2021
20210711;11 07 2021;Sunday;July;Jul;7;3;2021
20210712;12 07 2021;Monday;July;Jul;7;3;2021
20210713;13 07 2021;Tuesday;July;Jul;7;3;2021
20210714;14 07 2021;Wednesday;July;Jul;7;3;2021
20210715;15 07 2021;Thursday;July;Jul;7;3;2021
20210716;16 07 2021;Friday;July;Jul;7;3;2021
20210717;17 07 2021;Saturday;July;Jul;7;3;2021
20210718;18 07 2021;Sunday;July;Jul;7;3;2021
20210719;19 07 2021;Monday;July;Jul;7;3;2021
20210720;20 07 2021;Tuesday;July;Jul;7;3;2021
20210721;21 07 2021;Wednesday;July;Jul;7;3;2021
20210722;22 07 2021;Thursday;July;Jul;7;3;2021
20210723;23 07 2021;Friday;July;Jul;7;3;2021
20210724;24 07 2021;Saturday;July;Jul;7;3;2021
20210725;25 07 2021;Sunday;July;Jul;7;3;2021
20210726;26 07 2021;Monday;July;Jul;7;3;2021
20210727;27 07 2021;Tuesday;July;Jul;7;3;2021
20210728;28 07 2021;Wednesday;July;Jul;7;3;2021
20210729;29 07 2021;Thursday;July;Jul;7;3;2021
20210730;30 07 2021;Friday;July;Jul;7;3;2021
20210731;31 07 2021;Saturday;July;Jul;7;3;2021
20210801;1 08 2021;Sunday;August;Aug;8;3;2021
20210802;2 08 2021;Monday;August;Aug;8;3;2021
20210803;3 08 2021;Tuesday;August;Aug;8;3;2021
20210804;4 08 2021;Wednesday;August;Aug;8;3;2021
20210805;5 08 2021;Thursday;August;Aug;8;3;2021
20210806;6 08 2021;Friday;August;Aug;8;3;2021
20210807;7 08 2021;Saturday;August;Aug;8;3;2021
20210808;8 08 2021;Sunday;August;Aug;8;3;2021
20210809;9 08 2021;Monday;August;Aug;8;3;2021
20210810;10 08 2021;Tuesday;August;Aug;8;3;2021
20210811;11 08 2021;Wednesday;August;Aug;8;3;2021
20210812;12 08 2021;Thursday;August;Aug;8;3;2021
20210813;13 08 2021;Friday;August;Aug;8;3;2021
20210814;14 08 2021;Saturday;August;Aug;8;3;2021
20210815;15 08 2021;Sunday;August;Aug;8;3;2021
20210816;16 08 2021;Monday;August;Aug;8;3;2021
20210817;17 08 2021;Tuesday;August;Aug;8;3;2021
20210818;18 08 2021;Wednesday;August;Aug;8;3;2021
20210819;19 08 2021;Thursday;August;Aug;8;3;2021
20210820;20 08 2021;Friday;August;Aug;8;3;2021
20210821;21 08 2021;Saturday;August;Aug;8;3;2021
20210822;22 08 2021;Sunday;August;Aug;8;3;2021
20210823;23 08 2021;Monday;August;Aug;8;3;2021
20210824;24 08 2021;Tuesday;August;Aug;8;3;2021
20210825;25 08 2021;Wednesday;August;Aug;8;3;2021
20210826;26 08 2021;Thursday;August;Aug;8;3;2021
20210827;27 08 2021;Friday;August;Aug;8;3;2021
20210828;28 08 2021;Saturday;August;Aug;8;3;2021
20210829;29 08 2021;Sunday;August;Aug;8;3;2021
20210830;30 08 2021;Monday;August;Aug;8;3;2021
20210831;31 08 2021;Tuesday;August;Aug;8;3;2021
20210901;1 09 2021;Wednesday;September;Sep;9;3;2021
20210902;2 09 2021;Thursday;September;Sep;9;3;2021
20210903;3 09 2021;Friday;September;Sep;9;3;2021
20210904;4 09 2021;Saturday;September;Sep;9;3;2021
20210905;5 09 2021;Sunday;September;Sep;9;3;2021
20210906;6 09 2021;Monday;September;Sep;9;3;2021
20210907;7 09 2021;Tuesday;September;Sep;9;3;2021
20210908;8 09 2021;Wednesday;September;Sep;9;3;2021
20210909;9 09 2021;Thursday;September;Sep;9;3;2021
20210910;10 09 2021;Friday;September;Sep;9;3;2021
20210911;11 09 2021;Saturday;September;Sep;9;3;2021
20210912;12 09 2021;Sunday;September;Sep;9;3;2021
20210913;13 09 2021;Monday;September;Sep;9;3;2021
20210914;14 09 2021;Tuesday;September;Sep;9;3;2021
20210915;15 09 2021;Wednesday;September;Sep;9;3;2021
20210916;16 09 2021;Thursday;September;Sep;9;3;2021
20210917;17 09 2021;Friday;September;Sep;9;3;2021
20210918;18 09 2021;Saturday;September;Sep;9;3;2021
20210919;19 09 2021;Sunday;September;Sep;9;3;2021
20210920;20 09 2021;Monday;September;Sep;9;3;2021
20210921;21 09 2021;Tuesday;September;Sep;9;3;2021
20210922;22 09 2021;Wednesday;September;Sep;9;3;2021
20210923;23 09 2021;Thursday;September;Sep;9;3;2021
20210924;24 09 2021;Friday;September;Sep;9;3;2021
20210925;25 09 2021;Saturday;September;Sep;9;3;2021
20210926;26 09 2021;Sunday;September;Sep;9;3;2021
20210927;27 09 2021;Monday;September;Sep;9;3;2021
20210928;28 09 2021;Tuesday;September;Sep;9;3;2021
20210929;29 09 2021;Wednesday;September;Sep;9;3;2021
20210930;30 09 2021;Thursday;September;Sep;9;3;2021
20211001;1 10 2021;Friday;October;Oct;10;4;2021
20211002;2 10 2021;Saturday;October;Oct;10;4;2021
20211003;3 10 2021;Sunday;October;Oct;10;4;2021
20211004;4 10 2021;Monday;October;Oct;10;4;2021
20211005;5 10 2021;Tuesday;October;Oct;10;4;2021
20211006;6 10 2021;Wednesday;October;Oct;10;4;2021
20211007;7 10 2021;Thursday;October;Oct;10;4;2021
20211008;8 10 2021;Friday;October;Oct;10;4;2021
20211009;9 10 2021;Saturday;October;Oct;10;4;2021
20211010;10 10 2021;Sunday;October;Oct;10;4;2021
20211011;11 10 2021;Monday;October;Oct;10;4;2021
20211012;12 10 2021;Tuesday;October;Oct;10;4;2021
20211013;13 10 2021;Wednesday;October;Oct;10;4;2021
20211014;14 10 2021;Thursday;October;Oct;10;4;2021
20211015;15 10 2021;Friday;October;Oct;10;4;2021
20211016;16 10 2021;Saturday;October;Oct;10;4;2021
20211017;17 10 2021;Sunday;October;Oct;10;4;2021
20211018;18 10 2021;Monday;October;Oct;10;4;2021
20211019;19 10 2021;Tuesday;October;Oct;10;4;2021
20211020;20 10 2021;Wednesday;October;Oct;10;4;2021
20211021;21 10 2021;Thursday;October;Oct;10;4;2021
20211022;22 10 2021;Friday;October;Oct;10;4;2021
20211023;23 10 2021;Saturday;October;Oct;10;4;2021
20211024;24 10 2021;Sunday;October;Oct;10;4;2021
20211025;25 10 2021;Monday;October;Oct;10;4;2021
20211026;26 10 2021;Tuesday;October;Oct;10;4;2021
20211027;27 10 2021;Wednesday;October;Oct;10;4;2021
20211028;28 10 2021;Thursday;October;Oct;10;4;2021
20211029;29 10 2021;Friday;October;Oct;10;4;2021
20211030;30 10 2021;Saturday;October;Oct;10;4;2021
20211031;31 10 2021;Sunday;October;Oct;10;4;2021
20211101;1 11 2021;Monday;November;Nov;11;4;2021
20211102;2 11 2021;Tuesday;November;Nov;11;4;2021
20211103;3 11 2021;Wednesday;November;Nov;11;4;2021
20211104;4 11 2021;Thursday;November;Nov;11;4;2021
20211105;5 11 2021;Friday;November;Nov;11;4;2021
20211106;6 11 2021;Saturday;November;Nov;11;4;2021
20211107;7 11 2021;Sunday;November;Nov;11;4;2021
20211108;8 11 2021;Monday;November;Nov;11;4;2021
20211109;9 11 2021;Tuesday;November;Nov;11;4;2021
20211110;10 11 2021;Wednesday;November;Nov;11;4;2021
20211111;11 11 2021;Thursday;November;Nov;11;4;2021
20211112;12 11 2021;Friday;November;Nov;11;4;2021
20211113;13 11 2021;Saturday;November;Nov;11;4;2021
20211114;14 11 2021;Sunday;November;Nov;11;4;2021
20211115;15 11 2021;Monday;November;Nov;11;4;2021
20211116;16 11 2021;Tuesday;November;Nov;11;4;2021
20211117;17 11 2021;Wednesday;November;Nov;11;4;2021
20211118;18 11 2021;Thursday;November;Nov;11;4;2021
20211119;19 11 2021;Friday;November;Nov;11;4;2021
20211120;20 11 2021;Saturday;November;Nov;11;4;2021
20211121;21 11 2021;Sunday;November;Nov;11;4;2021
20211122;22 11 2021;Monday;November;Nov;11;4;2021
20211123;23 11 2021;Tuesday;November;Nov;11;4;2021
20211124;24 11 2021;Wednesday;November;Nov;11;4;2021
20211125;25 11 2021;Thursday;November;Nov;11;4;2021
20211126;26 11 2021;Friday;November;Nov;11;4;2021
20211127;27 11 2021;Saturday;November;Nov;11;4;2021
20211128;28 11 2021;Sunday;November;Nov;11;4;2021
20211129;29 11 2021;Monday;November;Nov;11;4;2021
20211130;30 11 2021;Tuesday;November;Nov;11;4;2021
20211201;1 12 2021;Wednesday;December;Dec;12;4;2021
20211202;2 12 2021;Thursday;December;Dec;12;4;2021
20211203;3 12 2021;Friday;December;Dec;12;4;2021
20211204;4 12 2021;Saturday;December;Dec;12;4;2021
20211205;5 12 2021;Sunday;December;Dec;12;4;2021
20211206;6 12 2021;Monday;December;Dec;12;4;2021
20211207;7 12 2021;Tuesday;December;Dec;12;4;2021
20211208;8 12 2021;Wednesday;December;Dec;12;4;2021
20211209;9 12 2021;Thursday;December;Dec;12;4;2021
20211210;10 12 2021;Friday;December;Dec;12;4;2021
20211211;11 12 2021;Saturday;December;Dec;12;4;2021
20211212;12 12 2021;Sunday;December;Dec;12;4;2021
20211213;13 12 2021;Monday;December;Dec;12;4;2021
20211214;14 12 2021;Tuesday;December;Dec;12;4;2021
20211215;15 12 2021;Wednesday;December;Dec;12;4;2021
20211216;16 12 2021;Thursday;December;Dec;12;4;2021
20211217;17 12 2021;Friday;December;Dec;12;4;2021
20211218;18 12 2021;Saturday;December;Dec;12;4;2021
20211219;19 12 2021;Sunday;December;Dec;12;4;2021
20211220;20 12 2021;Monday;December;Dec;12;4;2021
20211221;21 12 2021;Tuesday;December;Dec;12;4;2021
20211222;22 12 2021;Wednesday;December;Dec;12;4;2021
20211223;23 12 2021;Thursday;December;Dec;12;4;2021
20211224;24 12 2021;Friday;December;Dec;12;4;2021
20211225;25 12 2021;Saturday;December;Dec;12;4;2021
20211226;26 12 2021;Sunday;December;Dec;12;4;2021
20211227;27 12 2021;Monday;December;Dec;12;4;2021
20211228;28 12 2021;Tuesday;December;Dec;12;4;2021
20211229;29 12 2021;Wednesday;December;Dec;12;4;2021
20211230;30 12 2021;Thursday;December;Dec;12;4;2021
20211231;31 12 2021;Friday;December;Dec;12;4;2021
